Date,PX_LAST,PX_HIGH,PX_LOW
1/6/2025,2.4139,2.459,2.3679
1/5/2025,2.3922,2.4336,2.3285
1/4/2025,2.4245,2.5076,2.402
1/3/2025,2.4524,2.4783,2.3838
1/2/2025,2.3853,2.4467,2.2957
1/1/2025,2.3167,2.3368,2.0725
12/31/2024,2.095,2.1468,2.0108
12/30/2024,2.0487,2.1482,1.9936
12/29/2024,2.1073,2.2054,2.1029
12/28/2024,2.1962,2.2004,2.1313
12/27/2024,2.1418,2.2353,2.1128
12/26/2024,2.1615,2.3149,2.1285
12/25/2024,2.2994,2.339,2.2615
12/24/2024,2.3248,2.3492,2.2119
12/23/2024,2.223,2.2761,2.1306
12/22/2024,2.2049,2.2923,2.1589
12/21/2024,2.2265,2.3843,2.192
12/20/2024,2.2471,2.3528,1.9593
12/19/2024,2.2547,2.4304,2.1571
12/18/2024,2.35,2.6243,2.2481
12/17/2024,2.6061,2.725,2.4412
12/16/2024,2.4903,2.5863,2.3332
12/15/2024,2.3704,2.4479,2.3693
12/14/2024,2.383,2.5298,2.3557
12/13/2024,2.4325,2.4788,2.2861
12/12/2024,2.3613,2.4843,2.339
12/11/2024,2.4291,2.4727,2.2325
12/10/2024,2.3504,2.4202,1.9005
12/9/2024,2.2359,2.6249,1.9933
12/8/2024,2.5763,2.6489,2.4871
12/7/2024,2.5262,2.574,2.3643
12/6/2024,2.3662,2.4162,2.2216
12/5/2024,2.3293,2.4959,2.1761
12/4/2024,2.3966,2.6816,2.2845
12/3/2024,2.6268,2.9045,2.287
12/2/2024,2.7088,2.8733,2.1416
12/1/2024,2.1744,2.2029,1.8508
11/30/2024,1.9224,1.9499,1.7374
11/29/2024,1.7505,1.7778,1.4829
11/28/2024,1.4899,1.4999,1.4317
11/27/2024,1.4957,1.523,1.3523
11/26/2024,1.3997,1.4591,1.2836
11/25/2024,1.4301,1.5403,1.3566
11/24/2024,1.4394,1.5142,1.2785
11/23/2024,1.4971,1.6325,1.4224
11/22/2024,1.4508,1.5008,1.1936
11/21/2024,1.1936,1.2396,1.0788
11/20/2024,1.1054,1.1507,1.0574
11/19/2024,1.0843,1.1484,1.0697
11/18/2024,1.12,1.1865,1.0367
11/17/2024,1.053,1.1605,1.0033
11/16/2024,1.1357,1.2709,0.8784
11/15/2024,0.9189,0.9253,0.756
11/14/2024,0.8252,0.8397,0.6802
11/13/2024,0.6825,0.7481,0.6414
11/12/2024,0.7235,0.7402,0.5977
11/11/2024,0.6149,0.634,0.5708
11/10/2024,0.587,0.6189,0.5523
11/9/2024,0.5525,0.5568,0.5438
11/8/2024,0.5525,0.5602,0.5418
11/7/2024,0.5551,0.5784,0.5382
11/6/2024,0.5444,0.5451,0.5097
11/5/2024,0.5114,0.5186,0.4958
11/4/2024,0.4971,0.5142,0.4957
11/3/2024,0.5032,0.5109,0.4921
11/2/2024,0.5091,0.5159,0.5064
11/1/2024,0.5148,0.5238,0.5023
10/31/2024,0.508,0.5254,0.5029
10/30/2024,0.5248,0.5287,0.5194
10/29/2024,0.5246,0.5307,0.5162
10/28/2024,0.5181,0.5212,0.5111
10/27/2024,0.5133,0.5173,0.5103
10/26/2024,0.5123,0.5175,0.486
10/25/2024,0.514,0.5335,0.5089
10/24/2024,0.5319,0.5327,0.5224
10/23/2024,0.5237,0.5362,0.5113
10/22/2024,0.5331,0.5492,0.5289
10/21/2024,0.5466,0.5604,0.541
10/20/2024,0.5447,0.5454,0.5368
10/19/2024,0.5431,0.5499,0.5408
10/18/2024,0.545,0.5528,0.5395
10/17/2024,0.5463,0.5663,0.5418
10/16/2024,0.55,0.5538,0.5369
10/15/2024,0.5373,0.5554,0.5316
10/14/2024,0.5464,0.552,0.5279
10/13/2024,0.5285,0.5402,0.5252
10/12/2024,0.5381,0.5432,0.5352
10/11/2024,0.5416,0.5419,0.527
10/10/2024,0.5302,0.5444,0.5209
10/9/2024,0.5223,0.5343,0.5213
10/8/2024,0.5305,0.5392,0.5209
10/7/2024,0.5353,0.5456,0.53
10/6/2024,0.5324,0.5372,0.527
10/5/2024,0.5282,0.5357,0.5264
10/4/2024,0.5345,0.539,0.515
10/3/2024,0.5239,0.574,0.5071
10/2/2024,0.5708,0.6079,0.5647
10/1/2024,0.6064,0.6341,0.5784
9/30/2024,0.6238,0.6545,0.6167
9/29/2024,0.6421,0.6647,0.6078
9/28/2024,0.6191,0.626,0.5859
9/27/2024,0.5866,0.5973,0.5828
9/26/2024,0.589,0.5964,0.5742
9/25/2024,0.5871,0.5956,0.5832
9/24/2024,0.5891,0.5927,0.5815
9/23/2024,0.5859,0.5959,0.5784
9/22/2024,0.5904,0.6052,0.5848
9/21/2024,0.5996,0.6127,0.5802
9/20/2024,0.5861,0.5929,0.5766
9/19/2024,0.5922,0.5946,0.578
9/18/2024,0.5781,0.5897,0.5623
9/17/2024,0.5882,0.5934,0.5789
9/16/2024,0.5811,0.5914,0.56
9/15/2024,0.5828,0.5984,0.5817
9/14/2024,0.5923,0.5947,0.5708
9/13/2024,0.5709,0.5735,0.5557
9/12/2024,0.5649,0.5881,0.5336
9/11/2024,0.5356,0.543,0.5231
9/10/2024,0.5408,0.5433,0.5338
9/9/2024,0.5387,0.5393,0.525
9/8/2024,0.525,0.5314,0.5209
9/7/2024,0.527,0.533,0.5028
9/6/2024,0.5066,0.5471,0.5047
9/5/2024,0.543,0.5615,0.54
9/4/2024,0.5571,0.5671,0.5329
9/3/2024,0.5658,0.5723,0.5573
9/2/2024,0.5671,0.5686,0.544
9/1/2024,0.5602,0.5687,0.5522
8/31/2024,0.5674,0.5722,0.5619
8/30/2024,0.5623,0.5677,0.5462
8/29/2024,0.5629,0.577,0.5585
8/28/2024,0.5721,0.5919,0.5532
8/27/2024,0.5903,0.6002,0.5837
8/26/2024,0.5861,0.605,0.5791
8/25/2024,0.6003,0.6219,0.5958
8/24/2024,0.6218,0.6312,0.6051
8/23/2024,0.6081,0.6099,0.5911
8/22/2024,0.5967,0.6045,0.5925
8/21/2024,0.6016,0.6057,0.5857
8/20/2024,0.5969,0.6152,0.5879
8/19/2024,0.595,0.6091,0.5612
8/18/2024,0.5736,0.5841,0.5645
8/17/2024,0.5665,0.5711,0.5614
8/16/2024,0.5666,0.5709,0.5536
8/15/2024,0.5569,0.5743,0.5511
8/14/2024,0.5697,0.583,0.5644
8/13/2024,0.5762,0.5835,0.5609
8/12/2024,0.5652,0.5795,0.5456
8/11/2024,0.5521,0.5953,0.5511
8/10/2024,0.5952,0.6021,0.5739
8/9/2024,0.5793,0.6247,0.5679
8/8/2024,0.6124,0.6426,0.5787
8/7/2024,0.6023,0.6389,0.4926
8/6/2024,0.5102,0.5189,0.488
8/5/2024,0.4911,0.5341,0.432
8/4/2024,0.534,0.5588,0.5138
8/3/2024,0.5484,0.577,0.5404
8/2/2024,0.5707,0.5997,0.5462
8/1/2024,0.5886,0.635,0.5679
7/31/2024,0.6237,0.6584,0.6219
7/30/2024,0.6256,0.6374,0.5955
7/29/2024,0.6051,0.612,0.5921
7/28/2024,0.6008,0.6141,0.5912
7/27/2024,0.5943,0.6091,0.5836
7/26/2024,0.5989,0.6091,0.5863
7/25/2024,0.5931,0.6267,0.5845
7/24/2024,0.6266,0.6327,0.5918
7/23/2024,0.5984,0.6173,0.5804
7/22/2024,0.6171,0.6231,0.5857
7/21/2024,0.5956,0.6079,0.5735
7/20/2024,0.5949,0.6051,0.571
7/19/2024,0.5728,0.5868,0.5406
7/18/2024,0.5671,0.6388,0.5576
7/17/2024,0.6279,0.6346,0.5743
7/16/2024,0.583,0.5945,0.5316
7/15/2024,0.5346,0.5404,0.5205
7/14/2024,0.5293,0.5417,0.5142
7/13/2024,0.5401,0.566,0.4692
7/12/2024,0.4711,0.478,0.4447
7/11/2024,0.4475,0.4543,0.4364
7/10/2024,0.4378,0.4425,0.4312
7/9/2024,0.4367,0.4381,0.4271
7/8/2024,0.4284,0.4435,0.4032
7/7/2024,0.4293,0.4491,0.4219
7/6/2024,0.4475,0.4495,0.4231
7/5/2024,0.4258,0.4471,0.383
7/4/2024,0.4445,0.4693,0.4367
7/3/2024,0.4624,0.4863,0.4609
7/2/2024,0.4834,0.4882,0.4755
7/1/2024,0.4771,0.4843,0.4735
6/30/2024,0.4739,0.4749,0.4695
6/29/2024,0.4731,0.4763,0.4689
6/28/2024,0.4719,0.4804,0.4696
6/27/2024,0.4748,0.4767,0.4654
6/26/2024,0.4714,0.4782,0.4653
6/25/2024,0.4779,0.4798,0.4679
6/24/2024,0.468,0.4822,0.4622
6/23/2024,0.4796,0.489,0.4745
6/22/2024,0.4875,0.4927,0.484
6/21/2024,0.4867,0.4956,0.4794
6/20/2024,0.4909,0.502,0.4881
6/19/2024,0.4941,0.4995,0.4862
6/18/2024,0.487,0.5125,0.471
6/17/2024,0.5096,0.5206,0.4839
6/16/2024,0.4883,0.4991,0.4876
6/15/2024,0.4914,0.5049,0.4691
6/14/2024,0.4694,0.4811,0.4602
6/13/2024,0.4791,0.4921,0.4789
6/12/2024,0.4899,0.4979,0.4742
6/11/2024,0.4806,0.497,0.4714
6/10/2024,0.4962,0.5058,0.4933
6/9/2024,0.4977,0.4982,0.491
6/8/2024,0.4928,0.5017,0.4897
6/7/2024,0.5017,0.5277,0.4559
6/6/2024,0.521,0.5279,0.5164
6/5/2024,0.527,0.5324,0.5244
6/4/2024,0.5259,0.5303,0.5183
6/3/2024,0.5212,0.523,0.5115
6/2/2024,0.5126,0.5206,0.5079
6/1/2024,0.52,0.5214,0.5166
5/31/2024,0.5176,0.5254,0.5117
5/30/2024,0.5188,0.5278,0.5126
5/29/2024,0.5228,0.5328,0.5213
5/28/2024,0.5264,0.5362,0.5211
5/27/2024,0.5348,0.5404,0.5233
5/26/2024,0.5296,0.5426,0.5292
5/25/2024,0.5399,0.5425,0.5305
5/24/2024,0.5321,0.5371,0.5141
5/23/2024,0.517,0.5482,0.5046
5/22/2024,0.5262,0.5396,0.5249
5/21/2024,0.5396,0.557,0.5292
5/20/2024,0.5317,0.5354,0.5065
5/19/2024,0.5098,0.5237,0.5073
5/18/2024,0.5215,0.5257,0.5189
5/17/2024,0.5241,0.5293,0.5137
5/16/2024,0.5172,0.5227,0.5125
5/15/2024,0.5195,0.5199,0.4968
5/14/2024,0.504,0.5129,0.4973
5/13/2024,0.5075,0.5119,0.4868
5/12/2024,0.5006,0.5087,0.499
5/11/2024,0.5069,0.5075,0.4998
5/10/2024,0.5014,0.5219,0.4974
5/9/2024,0.5192,0.5236,0.5086
5/8/2024,0.5207,0.536,0.5176
5/7/2024,0.5342,0.547,0.5315
5/6/2024,0.5465,0.5699,0.5248
5/5/2024,0.5298,0.5341,0.5243
5/4/2024,0.5333,0.541,0.5276
5/3/2024,0.5342,0.5369,0.5148
5/2/2024,0.5211,0.5246,0.5064
5/1/2024,0.5134,0.5209,0.4784
4/30/2024,0.4991,0.5195,0.4879
4/29/2024,0.5153,0.5195,0.4988
4/28/2024,0.5188,0.5252,0.5164
4/27/2024,0.5186,0.5298,0.5077
4/26/2024,0.5279,0.5359,0.5145
4/25/2024,0.5303,0.5332,0.5136
4/24/2024,0.5321,0.5541,0.5247
4/23/2024,0.5533,0.5639,0.5419
4/22/2024,0.5633,0.5715,0.5224
4/21/2024,0.5264,0.5369,0.5186
4/20/2024,0.5288,0.5303,0.4967
4/19/2024,0.504,0.5076,0.4668
4/18/2024,0.5021,0.5062,0.4859
4/17/2024,0.4907,0.5081,0.4719
4/16/2024,0.4954,0.5022,0.476
4/15/2024,0.4928,0.5193,0.4815
4/14/2024,0.4864,0.4992,0.4325
4/13/2024,0.4324,0.5492,0.427
4/12/2024,0.5441,0.6157,0.5102
4/11/2024,0.6134,0.6214,0.6031
4/10/2024,0.6146,0.6273,0.593
4/9/2024,0.626,0.6427,0.6017
4/8/2024,0.6212,0.6263,0.5882
4/7/2024,0.5924,0.6027,0.5891
4/6/2024,0.5909,0.5969,0.5856
4/5/2024,0.5904,0.5941,0.569
4/4/2024,0.5912,0.6166,0.5624
4/3/2024,0.5716,0.5932,0.5673
4/2/2024,0.5892,0.6186,0.5792
4/1/2024,0.6136,0.6337,0.5949
3/31/2024,0.6274,0.63,0.6182
3/30/2024,0.6254,0.6374,0.6211
3/29/2024,0.6274,0.6453,0.6087
3/28/2024,0.6283,0.6373,0.603
3/27/2024,0.6129,0.6347,0.606
3/26/2024,0.6318,0.653,0.6254
3/25/2024,0.6524,0.6629,0.6269
3/24/2024,0.6311,0.6341,0.6137
3/23/2024,0.6238,0.6328,0.6036
3/22/2024,0.6146,0.6452,0.5987
3/21/2024,0.6386,0.6545,0.5977
3/20/2024,0.6119,0.6188,0.5687
3/19/2024,0.6018,0.6683,0.5714
3/18/2024,0.6075,0.6276,0.5947
3/17/2024,0.6192,0.6237,0.5868
3/16/2024,0.6113,0.6475,0.5975
3/15/2024,0.6224,0.6754,0.596
3/14/2024,0.6646,0.7077,0.6378
3/13/2024,0.6815,0.7027,0.6689
3/12/2024,0.6851,0.733,0.6585
3/11/2024,0.7232,0.7443,0.5845
3/10/2024,0.6132,0.6287,0.6035
3/9/2024,0.6241,0.6337,0.6174
3/8/2024,0.621,0.638,0.6021
3/7/2024,0.6377,0.6401,0.6069
3/6/2024,0.6152,0.6239,0.5761
3/5/2024,0.5876,0.6695,0.5385
3/4/2024,0.6513,0.6653,0.6171
3/3/2024,0.6295,0.6454,0.59
3/2/2024,0.636,0.6511,0.5977
3/1/2024,0.5981,0.5989,0.5773
2/29/2024,0.5949,0.6258,0.568
2/28/2024,0.5727,0.606,0.5313
2/27/2024,0.5838,0.5972,0.548
2/26/2024,0.5511,0.5529,0.5283
2/25/2024,0.5435,0.5487,0.5419
2/24/2024,0.5457,0.5479,0.531
2/23/2024,0.5389,0.5472,0.5253
2/22/2024,0.5464,0.5516,0.5365
2/21/2024,0.5463,0.5635,0.533
2/20/2024,0.5633,0.575,0.5443
2/19/2024,0.5647,0.565,0.554
2/18/2024,0.5586,0.5626,0.5473
2/17/2024,0.551,0.567,0.5397
2/16/2024,0.5668,0.5795,0.5529
2/15/2024,0.5638,0.5769,0.5375
2/14/2024,0.5398,0.5401,0.5207
2/13/2024,0.5283,0.5339,0.5148
2/12/2024,0.5318,0.5382,0.5145
2/11/2024,0.5251,0.5361,0.5218
2/10/2024,0.5252,0.5283,0.519
2/9/2024,0.5279,0.5283,0.5134
2/8/2024,0.5161,0.519,0.51
2/7/2024,0.513,0.5146,0.4991
2/6/2024,0.5092,0.5109,0.4981
2/5/2024,0.5062,0.5136,0.4968
2/4/2024,0.5077,0.5221,0.5039
2/3/2024,0.5201,0.5267,0.5058
2/2/2024,0.5074,0.5092,0.4987
2/1/2024,0.5092,0.5105,0.4899
1/31/2024,0.5037,0.5142,0.4855
1/30/2024,0.512,0.5399,0.5075
1/29/2024,0.5378,0.539,0.5193
1/28/2024,0.5265,0.5354,0.5214
1/27/2024,0.5311,0.5347,0.5262
1/26/2024,0.5324,0.5365,0.5083
1/25/2024,0.5135,0.5188,0.5037
1/24/2024,0.5154,0.5191,0.5094
1/23/2024,0.5094,0.532,0.496
1/22/2024,0.5301,0.5509,0.5174
1/21/2024,0.5507,0.555,0.5482
1/20/2024,0.5489,0.5523,0.5387
1/19/2024,0.5465,0.5533,0.5217
1/18/2024,0.5504,0.5711,0.5429
1/17/2024,0.5703,0.5799,0.5613
1/16/2024,0.5789,0.5797,0.566
1/15/2024,0.5785,0.5922,0.5685
1/14/2024,0.591,0.5914,0.5717
1/13/2024,0.5769,0.577,0.5531
1/12/2024,0.5761,0.6038,0.5659
1/11/2024,0.6012,0.6239,0.5859
1/10/2024,0.5987,0.5988,0.5494
1/9/2024,0.5657,0.5807,0.5551
1/8/2024,0.5774,0.5822,0.5448
1/7/2024,0.5644,0.5731,0.5612
1/6/2024,0.5677,0.5764,0.5575
1/5/2024,0.573,0.5944,0.5546
1/4/2024,0.5915,0.5925,0.5699
1/3/2024,0.5901,0.6396,0.5023
1/2/2024,0.6275,0.6405,0.6219
1/1/2024,0.6282,0.629,0.6079
12/31/2023,0.6191,0.6283,0.6175
12/30/2023,0.6243,0.6297,0.614
12/29/2023,0.6193,0.6367,0.6162
12/28/2023,0.6304,0.6582,0.6251
12/27/2023,0.6366,0.6425,0.6129
12/26/2023,0.6188,0.6476,0.5996
12/25/2023,0.6417,0.6489,0.6075
12/24/2023,0.6187,0.63,0.6112
12/23/2023,0.6181,0.6255,0.6114
12/22/2023,0.6218,0.6314,0.6158
12/21/2023,0.6235,0.6249,0.6106
12/20/2023,0.6152,0.6265,0.6009
12/19/2023,0.6074,0.6163,0.5971
12/18/2023,0.6096,0.616,0.5788
12/17/2023,0.6156,0.6229,0.6122
12/16/2023,0.619,0.6252,0.6106
12/15/2023,0.6237,0.6442,0.616
12/14/2023,0.6348,0.6349,0.608
12/13/2023,0.6279,0.6293,0.5937
12/12/2023,0.6126,0.6261,0.6065
12/11/2023,0.6187,0.6649,0.601
12/10/2023,0.6621,0.6745,0.6472
12/9/2023,0.6724,0.6999,0.6639
12/8/2023,0.6697,0.6729,0.638
12/7/2023,0.646,0.6544,0.6218
12/6/2023,0.6359,0.6412,0.6108
12/5/2023,0.6209,0.6301,0.6079
12/4/2023,0.6238,0.6437,0.5869
12/3/2023,0.623,0.6339,0.6172
12/2/2023,0.6224,0.6225,0.6112
12/1/2023,0.6125,0.6144,0.6033
11/30/2023,0.6071,0.6099,0.5982
11/29/2023,0.6075,0.617,0.6043
11/28/2023,0.6116,0.614,0.5958
11/27/2023,0.5998,0.6189,0.594
11/26/2023,0.618,0.6375,0.6072
11/25/2023,0.6202,0.6233,0.616
11/24/2023,0.6211,0.6258,0.6158
11/23/2023,0.6185,0.6239,0.6062
11/22/2023,0.6134,0.6163,0.5747
11/21/2023,0.5962,0.6179,0.5805
11/20/2023,0.6139,0.6285,0.6073
11/19/2023,0.6254,0.6265,0.6017
11/18/2023,0.6106,0.6159,0.5897
11/17/2023,0.6112,0.6244,0.5862
11/16/2023,0.6124,0.653,0.6034
11/15/2023,0.6447,0.6465,0.6252
11/14/2023,0.6272,0.6776,0.5975
11/13/2023,0.6553,0.749,0.6403
11/12/2023,0.6655,0.6709,0.6463
11/11/2023,0.6649,0.687,0.6407
11/10/2023,0.6632,0.671,0.6369
11/9/2023,0.6571,0.7068,0.632
11/8/2023,0.6898,0.6986,0.6729
11/7/2023,0.6884,0.7244,0.6532
11/6/2023,0.7241,0.7324,0.649
11/5/2023,0.6508,0.6595,0.6137
11/4/2023,0.6137,0.6182,0.6089
11/3/2023,0.6138,0.6148,0.5917
11/2/2023,0.6071,0.6265,0.5873
11/1/2023,0.6155,0.616,0.5806
10/31/2023,0.601,0.6204,0.5632
10/30/2023,0.5799,0.584,0.5497
10/29/2023,0.5584,0.5615,0.5408
10/28/2023,0.5465,0.5506,0.5407
10/27/2023,0.5458,0.5588,0.5342
10/26/2023,0.5519,0.5694,0.5431
10/25/2023,0.5537,0.564,0.5407
10/24/2023,0.5575,0.5864,0.5341
10/23/2023,0.5363,0.5388,0.5176
10/22/2023,0.5198,0.5242,0.5125
10/21/2023,0.5219,0.5321,0.5112
10/20/2023,0.5222,0.5307,0.5025
10/19/2023,0.5035,0.5063,0.4776
10/18/2023,0.4891,0.4926,0.4866
10/17/2023,0.4921,0.4982,0.4846
10/16/2023,0.496,0.5101,0.4852
10/15/2023,0.4898,0.4902,0.4851
10/14/2023,0.4863,0.4902,0.4834
10/13/2023,0.4872,0.4882,0.4784
10/12/2023,0.4822,0.489,0.4736
10/11/2023,0.4861,0.5001,0.479
10/10/2023,0.4978,0.5065,0.4916
10/9/2023,0.5023,0.5202,0.4887
10/8/2023,0.5188,0.5237,0.5158
10/7/2023,0.5216,0.5295,0.5201
10/6/2023,0.5269,0.5274,0.5172
10/5/2023,0.5229,0.5343,0.5163
10/4/2023,0.5313,0.5477,0.5092
10/3/2023,0.5155,0.5162,0.5059
10/2/2023,0.516,0.5267,0.5077
10/1/2023,0.5174,0.523,0.5138
9/30/2023,0.5175,0.537,0.5138
9/29/2023,0.5352,0.5493,0.5059
9/28/2023,0.5074,0.5099,0.4948
9/27/2023,0.5025,0.5068,0.4964
9/26/2023,0.5014,0.5073,0.4978
9/25/2023,0.502,0.5078,0.4911
9/24/2023,0.5062,0.5115,0.5038
9/23/2023,0.5089,0.5142,0.5083
9/22/2023,0.512,0.5169,0.5037
9/21/2023,0.5083,0.5249,0.5002
9/20/2023,0.518,0.5254,0.5072
9/19/2023,0.5131,0.5166,0.5007
9/18/2023,0.5046,0.5077,0.4874
9/17/2023,0.4915,0.501,0.49
9/16/2023,0.4992,0.5037,0.4974
9/15/2023,0.5007,0.5082,0.4875
9/14/2023,0.4901,0.4938,0.48
9/13/2023,0.4833,0.4896,0.4734
9/12/2023,0.4825,0.4864,0.47
9/11/2023,0.4718,0.5009,0.4599
9/10/2023,0.4999,0.504,0.4927
9/9/2023,0.5034,0.5051,0.5014
9/8/2023,0.5043,0.5075,0.4943
9/7/2023,0.502,0.504,0.4962
9/6/2023,0.5007,0.5064,0.4911
9/5/2023,0.5038,0.509,0.4987
9/4/2023,0.5086,0.5127,0.4966
9/3/2023,0.5071,0.5106,0.4958
9/2/2023,0.4961,0.5026,0.4944
9/1/2023,0.4956,0.5125,0.4866
8/31/2023,0.509,0.5296,0.4966
8/30/2023,0.5274,0.5428,0.5216
8/29/2023,0.5389,0.5493,0.5127
8/28/2023,0.5214,0.5255,0.5104
8/27/2023,0.5246,0.5299,0.5217
8/26/2023,0.5253,0.5279,0.5177
8/25/2023,0.5253,0.5316,0.5077
8/24/2023,0.5144,0.5319,0.5113
8/23/2023,0.5308,0.5366,0.5035
8/22/2023,0.5169,0.5265,0.5038
8/21/2023,0.5222,0.5427,0.5035
8/20/2023,0.5419,0.5575,0.5162
8/19/2023,0.5163,0.5242,0.5005
8/18/2023,0.5016,0.5702,0.4405
8/17/2023,0.5689,0.5943,0.5655
8/16/2023,0.5888,0.616,0.5789
8/15/2023,0.604,0.6362,0.581
8/14/2023,0.6298,0.6336,0.6232
8/13/2023,0.6315,0.638,0.6246
8/12/2023,0.6263,0.6326,0.6228
8/11/2023,0.6313,0.6401,0.6252
8/10/2023,0.6325,0.6598,0.6239
8/9/2023,0.6598,0.6656,0.6355
8/8/2023,0.6384,0.6434,0.6133
8/7/2023,0.6174,0.631,0.5969
8/6/2023,0.629,0.6381,0.6231
8/5/2023,0.625,0.6395,0.6102
8/4/2023,0.6344,0.6731,0.6255
8/3/2023,0.6715,0.6889,0.6538
8/2/2023,0.6862,0.7079,0.6762
8/1/2023,0.6992,0.7047,0.6741
7/31/2023,0.7001,0.7201,0.6931
7/30/2023,0.7064,0.735,0.6841
7/29/2023,0.7135,0.7154,0.7046
7/28/2023,0.7127,0.7187,0.7027
7/27/2023,0.7123,0.7321,0.7072
7/26/2023,0.7259,0.7298,0.6936
7/25/2023,0.7032,0.708,0.6746
7/24/2023,0.7022,0.7428,0.6814
7/23/2023,0.7413,0.7543,0.7155
7/22/2023,0.7528,0.7837,0.741
7/21/2023,0.7822,0.8037,0.7603
7/20/2023,0.7779,0.8493,0.7716
7/19/2023,0.8281,0.8526,0.7615
7/18/2023,0.7632,0.7717,0.7315
7/17/2023,0.7348,0.7656,0.713
7/16/2023,0.7428,0.7899,0.7033
7/15/2023,0.7172,0.7359,0.6929
7/14/2023,0.7115,0.8254,0.6688
7/13/2023,0.8118,0.9359,0.4687
7/12/2023,0.469,0.4792,0.4652
7/11/2023,0.4748,0.4803,0.4712
7/10/2023,0.4786,0.4802,0.4626
7/9/2023,0.4704,0.4738,0.4668
7/8/2023,0.4694,0.4754,0.465
7/7/2023,0.4678,0.4707,0.4583
7/6/2023,0.4689,0.4841,0.4616
7/5/2023,0.4772,0.4918,0.4695
7/4/2023,0.4893,0.4935,0.4819
7/3/2023,0.4889,0.4912,0.4784
7/2/2023,0.4831,0.4959,0.4699
7/1/2023,0.4742,0.4774,0.4642
6/30/2023,0.4761,0.4825,0.4504
6/29/2023,0.4746,0.4775,0.4612
6/28/2023,0.4626,0.4849,0.4509
6/27/2023,0.4825,0.4864,0.4729
6/26/2023,0.4772,0.4921,0.4707
6/25/2023,0.491,0.4978,0.4832
6/24/2023,0.4864,0.5011,0.4791
6/23/2023,0.5005,0.5025,0.4844
6/22/2023,0.4987,0.5269,0.484
6/21/2023,0.4966,0.5032,0.4893
6/20/2023,0.4934,0.4964,0.472
6/19/2023,0.4931,0.498,0.4815
6/18/2023,0.4899,0.4975,0.4745
6/17/2023,0.4808,0.4864,0.4691
6/16/2023,0.473,0.484,0.4558
6/15/2023,0.4802,0.4852,0.4653
6/14/2023,0.4671,0.5246,0.4621
6/13/2023,0.5216,0.5651,0.5059
6/12/2023,0.5251,0.5299,0.5089
6/11/2023,0.5237,0.5295,0.5019
6/10/2023,0.5045,0.5399,0.4774
6/9/2023,0.5388,0.5415,0.5205
6/8/2023,0.5271,0.5279,0.5138
6/7/2023,0.524,0.5381,0.5072
6/6/2023,0.523,0.5326,0.496
6/5/2023,0.5069,0.5458,0.488
6/4/2023,0.5453,0.5467,0.5154
6/3/2023,0.5216,0.5329,0.5147
6/2/2023,0.5251,0.5273,0.5038
6/1/2023,0.5085,0.5201,0.5019
5/31/2023,0.5145,0.5292,0.501
5/30/2023,0.5236,0.5258,0.4868
5/29/2023,0.4887,0.4946,0.4763
5/28/2023,0.4779,0.4815,0.47
5/27/2023,0.4719,0.4791,0.4657
5/26/2023,0.4681,0.4687,0.4518
5/25/2023,0.4525,0.4585,0.4433
5/24/2023,0.454,0.4661,0.4459
5/23/2023,0.4643,0.4671,0.4588
5/22/2023,0.4613,0.4675,0.45
5/21/2023,0.4595,0.4722,0.4553
5/20/2023,0.4675,0.4694,0.4622
5/19/2023,0.4651,0.4755,0.4575
5/18/2023,0.4602,0.4729,0.4431
5/17/2023,0.4468,0.4613,0.424
5/16/2023,0.4247,0.4292,0.4188
5/15/2023,0.4277,0.4304,0.4216
5/14/2023,0.4255,0.432,0.4216
5/13/2023,0.425,0.4319,0.4233
5/12/2023,0.4268,0.4442,0.4162
5/11/2023,0.4194,0.4322,0.4119
5/10/2023,0.4319,0.4342,0.413
5/9/2023,0.4253,0.4299,0.4206
5/8/2023,0.4231,0.4615,0.411
5/7/2023,0.4572,0.4637,0.4554
5/6/2023,0.4577,0.4698,0.4529
5/5/2023,0.4667,0.4708,0.4553
5/4/2023,0.4601,0.4665,0.455
5/3/2023,0.457,0.4679,0.4502
5/2/2023,0.4644,0.4665,0.4578
5/1/2023,0.4599,0.4761,0.4551
4/30/2023,0.4733,0.482,0.469
4/29/2023,0.478,0.4872,0.4716
4/28/2023,0.4772,0.4828,0.4632
4/27/2023,0.4676,0.4699,0.4511
4/26/2023,0.4552,0.4832,0.4343
4/25/2023,0.4698,0.4703,0.4508
4/24/2023,0.4621,0.4852,0.448
4/23/2023,0.4612,0.4738,0.453
4/22/2023,0.4699,0.4755,0.4405
4/21/2023,0.4415,0.4791,0.4415
4/20/2023,0.4712,0.4994,0.4655
4/19/2023,0.4943,0.5387,0.4739
4/18/2023,0.5238,0.5264,0.5095
4/17/2023,0.5113,0.5286,0.5068
4/16/2023,0.5217,0.5287,0.5161
4/15/2023,0.5185,0.5289,0.5171
4/14/2023,0.5266,0.5469,0.5113
4/13/2023,0.5128,0.516,0.5017
4/12/2023,0.5036,0.5187,0.4992
4/11/2023,0.5164,0.5285,0.5115
4/10/2023,0.5116,0.5137,0.5001
4/9/2023,0.5058,0.5146,0.4989
4/8/2023,0.5054,0.5184,0.5028
4/7/2023,0.5111,0.5151,0.4977
4/6/2023,0.5038,0.5143,0.492
4/5/2023,0.5045,0.5268,0.4987
4/4/2023,0.5074,0.5077,0.4825
4/3/2023,0.4908,0.5248,0.4879
4/2/2023,0.5184,0.5291,0.5019
4/1/2023,0.5088,0.5479,0.498
3/31/2023,0.5445,0.5487,0.527
3/30/2023,0.5339,0.5574,0.5221
3/29/2023,0.5499,0.5848,0.5122
3/28/2023,0.5243,0.5307,0.4668
3/27/2023,0.4739,0.4886,0.4428
3/26/2023,0.4442,0.4638,0.441
3/25/2023,0.4527,0.4649,0.4176
3/24/2023,0.4237,0.4471,0.415
3/23/2023,0.4431,0.4558,0.4126
3/22/2023,0.4251,0.4911,0.4104
3/21/2023,0.491,0.4939,0.3733
3/20/2023,0.3782,0.3939,0.3723
3/19/2023,0.388,0.401,0.3731
3/18/2023,0.3802,0.3904,0.3704
3/17/2023,0.3755,0.3829,0.3628
3/16/2023,0.3633,0.3698,0.3577
3/15/2023,0.362,0.3806,0.357
3/14/2023,0.3752,0.3883,0.3667
3/13/2023,0.373,0.3814,0.3569
3/12/2023,0.3655,0.3719,0.3517
3/11/2023,0.3648,0.378,0.3608
3/10/2023,0.3702,0.3751,0.3576
3/9/2023,0.3679,0.3974,0.3644
3/8/2023,0.3924,0.4013,0.3724
3/7/2023,0.3827,0.3843,0.367
3/6/2023,0.3711,0.374,0.3593
3/5/2023,0.3694,0.3797,0.3668
3/4/2023,0.3704,0.3813,0.3683
3/3/2023,0.373,0.3795,0.3554
3/2/2023,0.378,0.3846,0.3737
3/1/2023,0.3828,0.3881,0.3727
2/28/2023,0.3765,0.3851,0.3719
2/27/2023,0.3791,0.3805,0.3709
2/26/2023,0.3784,0.383,0.3736
2/25/2023,0.3743,0.384,0.3695
2/24/2023,0.3749,0.3943,0.3727
2/23/2023,0.3884,0.402,0.3857
2/22/2023,0.3928,0.3976,0.3829
2/21/2023,0.3892,0.4023,0.3874
2/20/2023,0.3994,0.4087,0.3778
2/19/2023,0.3888,0.401,0.385
2/18/2023,0.3935,0.4019,0.3901
2/17/2023,0.3953,0.4,0.3812
2/16/2023,0.3921,0.4045,0.391
2/15/2023,0.3994,0.4023,0.3767
2/14/2023,0.3785,0.3803,0.3648
2/13/2023,0.3722,0.3818,0.3619
2/12/2023,0.3774,0.3887,0.3767
2/11/2023,0.3834,0.3881,0.38
2/10/2023,0.3803,0.3882,0.373
2/9/2023,0.3855,0.4089,0.38
2/8/2023,0.3983,0.4071,0.3938
2/7/2023,0.4018,0.4028,0.3902
2/6/2023,0.3969,0.4085,0.3942
2/5/2023,0.3979,0.4196,0.3952
2/4/2023,0.4139,0.4204,0.4076
2/3/2023,0.4107,0.4163,0.4056
2/2/2023,0.4094,0.419,0.4084
2/1/2023,0.4133,0.4153,0.3967
1/31/2023,0.4051,0.4114,0.3881
1/30/2023,0.3933,0.422,0.3869
1/29/2023,0.4132,0.4174,0.4063
1/28/2023,0.4074,0.4181,0.4056
1/27/2023,0.4116,0.4141,0.399
1/26/2023,0.4119,0.4244,0.4054
1/25/2023,0.4208,0.4217,0.3975
1/24/2023,0.4162,0.4312,0.414
1/23/2023,0.4281,0.4329,0.3978
1/22/2023,0.3999,0.4121,0.3969
1/21/2023,0.4116,0.4162,0.3981
1/20/2023,0.4103,0.414,0.386
1/19/2023,0.3919,0.3962,0.3765
1/18/2023,0.3852,0.3961,0.3682
1/17/2023,0.3912,0.3987,0.3792
1/16/2023,0.388,0.4065,0.378
1/15/2023,0.3857,0.397,0.3799
1/14/2023,0.3919,0.4088,0.3789
1/13/2023,0.3843,0.3862,0.3688
1/12/2023,0.3768,0.3811,0.3616
1/11/2023,0.3702,0.3781,0.3477
1/10/2023,0.3525,0.3542,0.3432
1/9/2023,0.3476,0.3575,0.3404
1/8/2023,0.3407,0.3459,0.3378
1/7/2023,0.3438,0.3497,0.3413
1/6/2023,0.342,0.3454,0.3311
1/5/2023,0.3415,0.3491,0.3377
1/4/2023,0.3456,0.352,0.3421
1/3/2023,0.3451,0.3534,0.3411
1/2/2023,0.3533,0.355,0.3017
1/1/2023,0.3386,0.3428,0.3353
12/31/2022,0.342,0.3485,0.34
12/30/2022,0.3437,0.3458,0.3337
12/29/2022,0.3384,0.3622,0.337
12/28/2022,0.3595,0.3729,0.3548
12/27/2022,0.3698,0.3732,0.3585
12/26/2022,0.3667,0.3699,0.3452
12/25/2022,0.3463,0.3566,0.3442
12/24/2022,0.3517,0.3587,0.351
12/23/2022,0.3534,0.3565,0.3471
12/22/2022,0.3496,0.3521,0.3415
12/21/2022,0.3461,0.3546,0.3375
12/20/2022,0.351,0.3529,0.335
12/19/2022,0.3408,0.356,0.3323
12/18/2022,0.3499,0.3582,0.3476
12/17/2022,0.3504,0.3643,0.3454
12/16/2022,0.3636,0.3827,0.3569
12/15/2022,0.3783,0.3905,0.374
12/14/2022,0.3844,0.3979,0.3777
12/13/2022,0.3947,0.3968,0.3783
12/12/2022,0.3847,0.3853,0.3712
12/11/2022,0.3838,0.3923,0.3818
12/10/2022,0.3864,0.3934,0.3861
12/9/2022,0.3878,0.4004,0.3854
12/8/2022,0.3931,0.3983,0.3818
12/7/2022,0.3827,0.3951,0.3738
12/6/2022,0.3894,0.393,0.3809
12/5/2022,0.3893,0.3977,0.3814
12/4/2022,0.3903,0.3968,0.3856
12/3/2022,0.3917,0.3997,0.3875
12/2/2022,0.3933,0.4027,0.3838
12/1/2022,0.3968,0.4113,0.3945
11/30/2022,0.4102,0.4113,0.393
11/29/2022,0.3994,0.4036,0.3828
11/28/2022,0.3881,0.4043,0.3733
11/27/2022,0.403,0.4092,0.3929
11/26/2022,0.3995,0.4141,0.3958
11/25/2022,0.4075,0.4185,0.3889
11/24/2022,0.3995,0.4045,0.3739
11/23/2022,0.3792,0.3816,0.3674
11/22/2022,0.3765,0.377,0.3509
11/21/2022,0.3556,0.3656,0.3453
11/20/2022,0.3617,0.396,0.3606
11/19/2022,0.3845,0.387,0.3751
11/18/2022,0.3819,0.3875,0.3741
11/17/2022,0.3824,0.3869,0.3687
11/16/2022,0.3729,0.391,0.3613
11/15/2022,0.387,0.3971,0.3666
11/14/2022,0.3724,0.3773,0.3208
11/13/2022,0.3355,0.3716,0.3324
11/12/2022,0.365,0.3856,0.3591
11/11/2022,0.375,0.3989,0.3659
11/10/2022,0.397,0.4016,0.3199
11/9/2022,0.3326,0.4115,0.3282
11/8/2022,0.4047,0.4705,0.3395
11/7/2022,0.4705,0.484,0.4614
11/6/2022,0.4824,0.5003,0.4817
11/5/2022,0.4994,0.5099,0.4918
11/4/2022,0.4977,0.5074,0.4533
11/3/2022,0.4579,0.4596,0.449
11/2/2022,0.4512,0.4669,0.4453
11/1/2022,0.4644,0.4672,0.4541
10/31/2022,0.4566,0.4641,0.4482
10/30/2022,0.4639,0.4766,0.4585
10/29/2022,0.4744,0.4836,0.4666
10/28/2022,0.4713,0.4742,0.4565
10/27/2022,0.4662,0.4824,0.4589
10/26/2022,0.4669,0.4715,0.456
10/25/2022,0.4617,0.4728,0.4436
10/24/2022,0.4589,0.4729,0.4483
10/23/2022,0.4636,0.4679,0.452
10/22/2022,0.4647,0.4705,0.4508
10/21/2022,0.4531,0.4549,0.4357
10/20/2022,0.437,0.4647,0.4234
10/19/2022,0.4617,0.468,0.4516
10/18/2022,0.4678,0.4841,0.4574
10/17/2022,0.4768,0.4823,0.4628
10/16/2022,0.4781,0.4873,0.4685
10/15/2022,0.4821,0.4901,0.4777
10/14/2022,0.4892,0.5121,0.4782
10/13/2022,0.4874,0.4907,0.4411
10/12/2022,0.4899,0.4959,0.4815
10/11/2022,0.4911,0.5221,0.4784
10/10/2022,0.5208,0.5394,0.512
10/9/2022,0.5383,0.5482,0.5063
10/8/2022,0.5188,0.5289,0.5107
10/7/2022,0.5141,0.5324,0.4823
10/6/2022,0.4998,0.5058,0.4881
10/5/2022,0.4934,0.5015,0.4721
10/4/2022,0.4792,0.4854,0.4517
10/3/2022,0.4669,0.4692,0.4375
10/2/2022,0.4596,0.4784,0.4502
10/1/2022,0.4754,0.4865,0.4672
9/30/2022,0.4827,0.509,0.4703
9/29/2022,0.4768,0.4776,0.4271
9/28/2022,0.44,0.4509,0.4174
9/27/2022,0.4454,0.4875,0.4358
9/26/2022,0.4721,0.5049,0.4577
9/25/2022,0.4991,0.5207,0.4761
9/24/2022,0.5036,0.5287,0.4721
9/23/2022,0.4935,0.5588,0.4568
9/22/2022,0.4803,0.5002,0.3852
9/21/2022,0.4073,0.4333,0.3858
9/20/2022,0.4047,0.4234,0.3706
9/19/2022,0.3814,0.3943,0.3402
9/18/2022,0.3934,0.398,0.3654
9/17/2022,0.3726,0.3806,0.3441
9/16/2022,0.3454,0.3489,0.3216
9/15/2022,0.3303,0.3442,0.325
9/14/2022,0.3425,0.3431,0.331
9/13/2022,0.3373,0.3603,0.3337
9/12/2022,0.3579,0.3604,0.348
9/11/2022,0.3595,0.3601,0.3518
9/10/2022,0.3553,0.3619,0.3486
9/9/2022,0.3519,0.3556,0.3385
9/8/2022,0.3415,0.3434,0.3283
9/7/2022,0.3355,0.3374,0.3127
9/6/2022,0.3245,0.343,0.3185
9/5/2022,0.331,0.3333,0.3226
9/4/2022,0.3318,0.3327,0.3278
9/3/2022,0.3293,0.3347,0.3267
9/2/2022,0.3302,0.3353,0.3254
9/1/2022,0.3322,0.3326,0.3216
8/31/2022,0.3308,0.3338,0.3231
8/30/2022,0.3283,0.3359,0.3202
8/29/2022,0.3329,0.3359,0.3187
8/28/2022,0.3357,0.3373,0.3319
8/27/2022,0.3359,0.3445,0.3285
8/26/2022,0.341,0.371,0.3326
8/25/2022,0.3511,0.3525,0.3435
8/24/2022,0.3505,0.3516,0.3389
8/23/2022,0.3454,0.3473,0.3326
8/22/2022,0.3384,0.3485,0.3316
8/21/2022,0.3451,0.3477,0.3326
8/20/2022,0.333,0.3427,0.3316
8/19/2022,0.3415,0.3797,0.3328
8/18/2022,0.3793,0.3825,0.372
8/17/2022,0.3823,0.3921,0.368
8/16/2022,0.3766,0.3778,0.3667
8/15/2022,0.3741,0.385,0.3661
8/14/2022,0.3791,0.3922,0.3741
8/13/2022,0.3792,0.3876,0.3758
8/12/2022,0.378,0.382,0.3702
8/11/2022,0.3813,0.3858,0.3772
8/10/2022,0.3788,0.3793,0.3585
8/9/2022,0.3679,0.3833,0.3613
8/8/2022,0.3832,0.3845,0.3713
8/7/2022,0.3753,0.3761,0.3682
8/6/2022,0.3738,0.3778,0.3714
8/5/2022,0.3715,0.3784,0.3674
8/4/2022,0.3688,0.3765,0.3646
8/3/2022,0.3753,0.3774,0.3633
8/2/2022,0.3752,0.3944,0.3668
8/1/2022,0.3775,0.3935,0.3711
7/31/2022,0.3929,0.3988,0.3829
7/30/2022,0.394,0.4098,0.3632
7/29/2022,0.3696,0.3798,0.3599
7/28/2022,0.3756,0.3792,0.3493
7/27/2022,0.3536,0.3567,0.3294
7/26/2022,0.332,0.3475,0.3255
7/25/2022,0.3471,0.3652,0.3388
7/24/2022,0.3627,0.3667,0.3544
7/23/2022,0.3564,0.3628,0.3498
7/22/2022,0.3563,0.3715,0.3543
7/21/2022,0.3668,0.3683,0.3488
7/20/2022,0.3591,0.3816,0.3576
7/19/2022,0.3715,0.3734,0.3514
7/18/2022,0.3556,0.3697,0.3421
7/17/2022,0.3477,0.3611,0.3423
7/16/2022,0.3525,0.356,0.3313
7/15/2022,0.3326,0.3485,0.3258
7/14/2022,0.3295,0.3301,0.3123
7/13/2022,0.3176,0.3211,0.3026
7/12/2022,0.3114,0.3236,0.3077
7/11/2022,0.3233,0.3303,0.3172
7/10/2022,0.3265,0.3473,0.3198
7/9/2022,0.3459,0.3475,0.3391
7/8/2022,0.3455,0.3584,0.3357
7/7/2022,0.3401,0.3423,0.3266
7/6/2022,0.3281,0.3291,0.3196
7/5/2022,0.3259,0.3305,0.3131
7/4/2022,0.3235,0.3267,0.3144
7/3/2022,0.3228,0.3253,0.3086
7/2/2022,0.3143,0.3183,0.3094
7/1/2022,0.3166,0.3355,0.3098
6/30/2022,0.3168,0.3336,0.306
6/29/2022,0.3322,0.3435,0.3202
6/28/2022,0.3415,0.3593,0.3365
6/27/2022,0.3548,0.3685,0.3483
6/26/2022,0.3684,0.3747,0.3599
6/25/2022,0.3615,0.3737,0.3542
6/24/2022,0.3624,0.3866,0.3307
6/23/2022,0.3315,0.3337,0.3207
6/22/2022,0.321,0.332,0.3187
6/21/2022,0.3271,0.337,0.3174
6/20/2022,0.3223,0.3292,0.3131
6/19/2022,0.329,0.3316,0.2943
6/18/2022,0.2949,0.3259,0.2874
6/17/2022,0.3204,0.3392,0.307
6/16/2022,0.3176,0.347,0.3101
6/15/2022,0.3255,0.3311,0.2982
6/14/2022,0.3148,0.3259,0.2934
6/13/2022,0.3199,0.3587,0.3011
6/12/2022,0.3541,0.3667,0.3396
6/11/2022,0.36,0.3883,0.3565
6/10/2022,0.383,0.4112,0.3766
6/9/2022,0.3998,0.4036,0.3965
6/8/2022,0.4005,0.4132,0.3947
6/7/2022,0.413,0.417,0.3847
6/6/2022,0.4013,0.4089,0.3939
6/5/2022,0.3971,0.3993,0.3893
6/4/2022,0.39,0.3933,0.3845
6/3/2022,0.3892,0.41,0.3837
6/2/2022,0.4,0.4013,0.3907
6/1/2022,0.3945,0.4262,0.3893
5/31/2022,0.4196,0.4334,0.4064
5/30/2022,0.4082,0.4083,0.3852
5/29/2022,0.3866,0.3899,0.3793
5/28/2022,0.3856,0.3883,0.3795
5/27/2022,0.3827,0.4025,0.3762
5/26/2022,0.3946,0.4104,0.3762
5/25/2022,0.4073,0.4127,0.3952
5/24/2022,0.4059,0.415,0.3906
5/23/2022,0.4133,0.4281,0.4072
5/22/2022,0.4176,0.4219,0.4097
5/21/2022,0.4138,0.4175,0.403
5/20/2022,0.4096,0.4398,0.4013
5/19/2022,0.4188,0.4236,0.3928
5/18/2022,0.4156,0.442,0.404
5/17/2022,0.432,0.4386,0.4172
5/16/2022,0.427,0.4491,0.4088
5/15/2022,0.4414,0.4417,0.4125
5/14/2022,0.4125,0.4404,0.3955
5/13/2022,0.4246,0.4639,0.3693
5/12/2022,0.383,0.4276,0.3342
5/11/2022,0.3708,0.5226,0.3697
5/10/2022,0.5124,0.5367,0.4728
5/9/2022,0.5023,0.5785,0.4743
5/8/2022,0.5716,0.5913,0.5587
5/7/2022,0.5903,0.6056,0.5889
5/6/2022,0.5999,0.6161,0.588
5/5/2022,0.5962,0.6571,0.5812
5/4/2022,0.6437,0.6484,0.6014
5/3/2022,0.6051,0.6277,0.5962
5/2/2022,0.6071,0.6306,0.5979
5/1/2022,0.6056,0.6136,0.5673
4/30/2022,0.6071,0.6285,0.6039
4/29/2022,0.6118,0.6471,0.6003
4/28/2022,0.6455,0.6574,0.6342
4/27/2022,0.6455,0.6623,0.6287
4/26/2022,0.6491,0.7064,0.6382
4/25/2022,0.6856,0.7043,0.6461
4/24/2022,0.699,0.715,0.6953
4/23/2022,0.7128,0.7281,0.7071
4/22/2022,0.7278,0.739,0.7143
4/21/2022,0.7347,0.7682,0.732
4/20/2022,0.7514,0.7763,0.7425
4/19/2022,0.7692,0.782,0.758
4/18/2022,0.758,0.7734,0.729
4/17/2022,0.7688,0.7857,0.7587
4/16/2022,0.7745,0.7993,0.7667
4/15/2022,0.7827,0.7968,0.7163
4/14/2022,0.7176,0.741,0.7087
4/13/2022,0.7236,0.7262,0.6972
4/12/2022,0.6975,0.721,0.6825
4/11/2022,0.7005,0.7703,0.6981
4/10/2022,0.7685,0.7732,0.7558
4/9/2022,0.7598,0.7667,0.7475
4/8/2022,0.7626,0.7934,0.7539
4/7/2022,0.7827,0.7899,0.753
4/6/2022,0.7781,0.8241,0.7592
4/5/2022,0.8193,0.8361,0.8158
4/4/2022,0.8241,0.8517,0.8062
4/3/2022,0.8408,0.8475,0.8151
4/2/2022,0.8282,0.85,0.8203
4/1/2022,0.8304,0.8327,0.8072
3/31/2022,0.8167,0.8732,0.7878
3/30/2022,0.8613,0.8717,0.8467
3/29/2022,0.8614,0.9019,0.8459
3/28/2022,0.8988,0.912,0.8453
3/27/2022,0.8466,0.8491,0.8287
3/26/2022,0.8321,0.8351,0.821
3/25/2022,0.8286,0.8492,0.8201
3/24/2022,0.847,0.8501,0.8276
3/23/2022,0.8308,0.8461,0.8182
3/22/2022,0.8352,0.8647,0.8286
3/21/2022,0.8388,0.8547,0.7888
3/20/2022,0.8027,0.8234,0.7961
3/19/2022,0.8228,0.827,0.7924
3/18/2022,0.794,0.8019,0.777
3/17/2022,0.7936,0.7986,0.7812
3/16/2022,0.7883,0.7939,0.7584
3/15/2022,0.7656,0.7776,0.7432
3/14/2022,0.7609,0.789,0.7462
3/13/2022,0.7875,0.8046,0.7791
3/12/2022,0.7873,0.8488,0.7791
3/11/2022,0.8093,0.8138,0.7255
3/10/2022,0.7387,0.7791,0.7235
3/9/2022,0.7627,0.7746,0.7178
3/8/2022,0.7189,0.7307,0.7138
3/7/2022,0.7201,0.754,0.7046
3/6/2022,0.7425,0.7598,0.7281
3/5/2022,0.7457,0.7688,0.6973
3/4/2022,0.7177,0.7592,0.7094
3/3/2022,0.7471,0.7893,0.7349
3/2/2022,0.7749,0.7891,0.7569
3/1/2022,0.7829,0.8041,0.7582
2/28/2022,0.7675,0.7773,0.7085
2/27/2022,0.719,0.7676,0.7044
2/26/2022,0.7608,0.7951,0.7299
2/25/2022,0.7342,0.7407,0.675
2/24/2022,0.7028,0.722,0.6229
2/23/2022,0.7012,0.7444,0.6988
2/22/2022,0.7088,0.7345,0.6712
2/21/2022,0.7196,0.802,0.7179
2/20/2022,0.7748,0.8252,0.7664
2/19/2022,0.8106,0.8539,0.7709
2/18/2022,0.7737,0.8055,0.757
2/17/2022,0.7731,0.847,0.7546
2/16/2022,0.8428,0.8601,0.8093
2/15/2022,0.8284,0.8397,0.7967
2/14/2022,0.7983,0.8174,0.7803
2/13/2022,0.8079,0.8476,0.7928
2/12/2022,0.8125,0.8523,0.7478
2/11/2022,0.7747,0.8478,0.7678
2/10/2022,0.8406,0.9003,0.8383
2/9/2022,0.8927,0.9165,0.8269
2/8/2022,0.8451,0.9147,0.8013
2/7/2022,0.8013,0.8047,0.6704
2/6/2022,0.6747,0.6798,0.6597
2/5/2022,0.6682,0.6873,0.6365
2/4/2022,0.639,0.6422,0.6033
2/3/2022,0.6062,0.6075,0.5893
2/2/2022,0.6018,0.6316,0.5961
2/1/2022,0.6257,0.6299,0.6085
1/31/2022,0.6086,0.6113,0.5807
1/30/2022,0.6027,0.6235,0.5979
1/29/2022,0.6195,0.6255,0.6069
1/28/2022,0.6093,0.6138,0.5921
1/27/2022,0.5967,0.6248,0.5899
1/26/2022,0.6072,0.6587,0.6056
1/25/2022,0.6056,0.6179,0.5875
1/24/2022,0.6119,0.6353,0.5544
1/23/2022,0.6053,0.6277,0.585
1/22/2022,0.6016,0.6536,0.5505
1/21/2022,0.6324,0.7379,0.6131
1/20/2022,0.7332,0.7623,0.7332
1/19/2022,0.7402,0.7597,0.7237
1/18/2022,0.7561,0.769,0.7362
1/17/2022,0.7532,0.7813,0.7506
1/16/2022,0.7771,0.7849,0.7687
1/15/2022,0.783,0.7898,0.7686
1/14/2022,0.779,0.7904,0.7522
1/13/2022,0.7713,0.8026,0.761
1/12/2022,0.7966,0.8076,0.7576
1/11/2022,0.7657,0.7726,0.7308
1/10/2022,0.7351,0.7633,0.7006
1/9/2022,0.7624,0.7668,0.7387
1/8/2022,0.7535,0.7766,0.7231
1/7/2022,0.7683,0.785,0.7294
1/6/2022,0.7836,0.7947,0.7124
1/5/2022,0.791,0.837,0.7824
1/4/2022,0.8286,0.8453,0.8153
1/3/2022,0.8286,0.8615,0.8217
1/2/2022,0.8531,0.8657,0.8376
1/1/2022,0.8461,0.856,0.8249
12/31/2021,0.8284,0.8538,0.8026
12/30/2021,0.84,0.8593,0.8029
12/29/2021,0.8297,0.8644,0.8117
12/28/2021,0.8556,0.941,0.8463
12/27/2021,0.9378,0.956,0.9146
12/26/2021,0.9206,0.9338,0.9062
12/25/2021,0.9296,0.9347,0.8978
12/24/2021,0.9146,1.0077,0.9066
12/23/2021,1.0067,1.0166,0.9382
12/22/2021,0.9641,0.9732,0.9234
12/21/2021,0.9407,0.9437,0.8533
12/20/2021,0.8661,0.9151,0.8248
12/19/2021,0.8361,0.8441,0.8197
12/18/2021,0.8305,0.8345,0.7883
12/17/2021,0.8021,0.8323,0.7766
12/16/2021,0.8153,0.8366,0.8077
12/15/2021,0.8347,0.8404,0.7783
12/14/2021,0.8162,0.8218,0.7729
12/13/2021,0.7772,0.8494,0.7617
12/12/2021,0.848,0.8573,0.8098
12/11/2021,0.832,0.8447,0.7861
12/10/2021,0.8253,0.8893,0.8096
12/9/2021,0.8636,0.9346,0.8333
12/8/2021,0.8639,0.8847,0.8046
12/7/2021,0.8168,0.8462,0.8086
12/6/2021,0.82,0.8262,0.7506
12/5/2021,0.7997,0.8629,0.7723
12/4/2021,0.8345,0.9309,0.6551
12/3/2021,0.9294,0.9844,0.8973
12/2/2021,0.9824,0.9933,0.957
12/1/2021,0.9894,1.018,0.9807
11/30/2021,1.0002,1.0304,0.9711
11/29/2021,0.9994,1.0027,0.9466
11/28/2021,0.9556,0.9572,0.8862
11/27/2021,0.9459,0.9662,0.9347
11/26/2021,0.952,1.052,0.9129
11/25/2021,1.0454,1.0654,1.0232
11/24/2021,1.0279,1.0737,1.0086
11/23/2021,1.0549,1.0617,1.021
11/22/2021,1.0387,1.0781,1.0279
11/21/2021,1.076,1.0988,1.0654
11/20/2021,1.0935,1.1023,1.062
11/19/2021,1.0869,1.1034,1.0188
11/18/2021,1.0462,1.1614,1.0169
11/17/2021,1.0951,1.1133,1.0597
11/16/2021,1.0957,1.1812,1.0447
11/15/2021,1.18,1.2198,1.1663
11/14/2021,1.1832,1.1993,1.1682
11/13/2021,1.1871,1.2038,1.1676
11/12/2021,1.1906,1.2331,1.1555
11/11/2021,1.216,1.2542,1.1679
11/10/2021,1.1807,1.3479,1.123
11/9/2021,1.2611,1.292,1.2258
11/8/2021,1.2668,1.2961,1.2104
11/7/2021,1.2227,1.2376,1.1451
11/6/2021,1.1451,1.1763,1.1013
11/5/2021,1.1474,1.2021,1.1337
11/4/2021,1.1899,1.2568,1.1642
11/3/2021,1.2028,1.235,1.121
11/2/2021,1.1244,1.1467,1.0847
11/1/2021,1.0881,1.1325,1.0719
10/31/2021,1.1025,1.1533,1.0628
10/30/2021,1.0815,1.1151,1.0639
10/29/2021,1.0802,1.09,1.0524
10/28/2021,1.0635,1.081,0.9816
10/27/2021,1.0121,1.1593,0.9544
10/26/2021,1.1584,1.1585,1.0879
10/25/2021,1.0909,1.103,1.0759
10/24/2021,1.0765,1.0962,1.0531
10/23/2021,1.0878,1.1016,1.0767
10/22/2021,1.0912,1.1282,1.0761
10/21/2021,1.0982,1.1641,1.0884
10/20/2021,1.1415,1.1527,1.0765
10/19/2021,1.0773,1.101,1.0676
10/18/2021,1.0816,1.1062,1.0573
10/17/2021,1.0582,1.1442,1.022
10/16/2021,1.144,1.1863,1.1312
10/15/2021,1.1524,1.1648,1.0926
10/14/2021,1.1297,1.1576,1.1089
10/13/2021,1.1094,1.1258,1.0754
10/12/2021,1.0967,1.1384,1.0653
10/11/2021,1.1152,1.1819,1.1042
10/10/2021,1.1719,1.2291,1.1357
10/9/2021,1.1638,1.2085,1.0564
10/8/2021,1.0586,1.0923,1.0548
10/7/2021,1.0749,1.0942,1.0441
10/6/2021,1.0765,1.1075,1.0184
10/5/2021,1.0697,1.0847,1.0293
10/4/2021,1.0403,1.0668,1.0069
10/3/2021,1.0652,1.0889,1.022
10/2/2021,1.052,1.0725,1.009
10/1/2021,1.0296,1.0684,0.9412
9/30/2021,0.9417,0.9638,0.9111
9/29/2021,0.9154,0.9927,0.8867
9/28/2021,0.9113,0.9431,0.9004
9/27/2021,0.9247,0.982,0.9205
9/26/2021,0.9492,0.9539,0.8932
9/25/2021,0.9351,0.9594,0.9174
9/24/2021,0.9469,1.0031,0.8871
9/23/2021,0.9945,1.0171,0.9686
9/22/2021,0.9929,0.9961,0.8589
9/21/2021,0.8772,0.959,0.8672
9/20/2021,0.9197,1.0761,0.8762
9/19/2021,1.0754,1.0838,1.0562
9/18/2021,1.0702,1.0947,1.0557
9/17/2021,1.0637,1.1027,1.0518
9/16/2021,1.0718,1.1301,1.067
9/15/2021,1.1169,1.1301,1.0687
9/14/2021,1.0789,1.0891,1.0575
9/13/2021,1.0708,1.1273,1.0263
9/12/2021,1.0858,1.1186,1.0583
9/11/2021,1.0866,1.1129,1.0301
9/10/2021,1.0612,1.2436,1.0323
9/9/2021,1.0888,1.1376,1.0743
9/8/2021,1.0894,1.1481,1.0155
9/7/2021,1.0957,1.4154,0.9686
9/6/2021,1.3928,1.3995,1.2906
9/5/2021,1.3066,1.3081,1.2376
9/4/2021,1.2561,1.3056,1.2373
9/3/2021,1.2916,1.3228,1.2209
9/2/2021,1.268,1.2955,1.206
9/1/2021,1.2069,1.2248,1.1508
8/31/2021,1.1825,1.2425,1.092
8/30/2021,1.1452,1.1645,1.1061
8/29/2021,1.1541,1.169,1.1136
8/28/2021,1.1458,1.1979,1.1339
8/27/2021,1.1574,1.1584,1.0511
8/26/2021,1.097,1.1864,1.0647
8/25/2021,1.157,1.1834,1.1085
8/24/2021,1.1817,1.2655,1.1256
8/23/2021,1.2429,1.3036,1.1872
8/22/2021,1.1919,1.2561,1.1803
8/21/2021,1.2162,1.2831,1.2048
8/20/2021,1.2537,1.2889,1.198
8/19/2021,1.212,1.2125,1.0908
8/18/2021,1.1161,1.1952,1.0524
8/17/2021,1.1418,1.2249,1.1143
8/16/2021,1.1818,1.3293,1.1453
8/15/2021,1.2987,1.3488,1.206
8/14/2021,1.2063,1.2535,1.0483
8/13/2021,1.0555,1.0654,0.9236
8/12/2021,0.9634,1.0447,0.926
8/11/2021,1.0342,1.0888,0.841
8/10/2021,0.8437,0.8573,0.7961
8/9/2021,0.8034,0.828,0.7605
8/8/2021,0.7849,0.8409,0.7724
8/7/2021,0.8052,0.817,0.739
8/6/2021,0.7488,0.7534,0.7225
8/5/2021,0.7316,0.7397,0.7015
8/4/2021,0.7353,0.7378,0.6958
8/3/2021,0.7093,0.7462,0.7011
8/2/2021,0.7331,0.7736,0.7066
8/1/2021,0.7619,0.7772,0.7412
7/31/2021,0.7496,0.7695,0.7377
7/30/2021,0.7507,0.7658,0.708
7/29/2021,0.7164,0.7395,0.698
7/28/2021,0.7067,0.7526,0.6316
7/27/2021,0.6373,0.6528,0.6127
7/26/2021,0.6319,0.6785,0.6002
7/25/2021,0.6007,0.6123,0.5914
7/24/2021,0.6023,0.6209,0.5878
7/23/2021,0.5887,0.6096,0.5758
7/22/2021,0.5935,0.6033,0.5598
7/21/2021,0.5635,0.5841,0.52
7/20/2021,0.5333,0.5697,0.5164
7/19/2021,0.5595,0.5925,0.554
7/18/2021,0.5866,0.6017,0.5721
7/17/2021,0.5884,0.5979,0.5612
7/16/2021,0.596,0.6191,0.5876
7/15/2021,0.6037,0.6267,0.5882
7/14/2021,0.6183,0.6244,0.5862
7/13/2021,0.6172,0.6426,0.6089
7/12/2021,0.6233,0.657,0.6176
7/11/2021,0.6296,0.6445,0.6172
7/10/2021,0.6204,0.6486,0.6129
7/9/2021,0.6305,0.6454,0.5921
7/8/2021,0.6216,0.6661,0.6113
7/7/2021,0.6661,0.6741,0.653
7/6/2021,0.6596,0.6798,0.652
7/5/2021,0.6608,0.7092,0.6448
7/4/2021,0.6984,0.7053,0.6636
7/3/2021,0.6764,0.6819,0.6408
7/2/2021,0.6408,0.6675,0.6333
7/1/2021,0.662,0.7069,0.6451
6/30/2021,0.6858,0.7177,0.6489
6/29/2021,0.7076,0.7316,0.6387
6/28/2021,0.6498,0.6568,0.5993
6/27/2021,0.6016,0.6331,0.5916
6/26/2021,0.5957,0.6287,0.5818
6/25/2021,0.6266,0.689,0.602
6/24/2021,0.6811,0.6922,0.6169
6/23/2021,0.6208,0.665,0.5219
6/22/2021,0.5873,0.6749,0.5103
6/21/2021,0.6749,0.7848,0.6528
6/20/2021,0.7722,0.7883,0.6978
6/19/2021,0.7873,0.8057,0.7754
6/18/2021,0.7867,0.8448,0.7702
6/17/2021,0.834,0.8612,0.8236
6/16/2021,0.8407,0.8737,0.8265
6/15/2021,0.87,0.9014,0.8562
6/14/2021,0.8857,0.9291,0.8635
6/13/2021,0.8846,0.8867,0.8182
6/12/2021,0.8365,0.8559,0.806
6/11/2021,0.8515,0.8795,0.8425
6/10/2021,0.8691,0.9286,0.853
6/9/2021,0.8776,0.9045,0.8314
6/8/2021,0.8765,0.8907,0.7851
6/7/2021,0.8845,0.9749,0.8681
6/6/2021,0.9364,0.9493,0.8966
6/5/2021,0.9323,0.9977,0.9221
6/4/2021,0.9767,1.0501,0.9168
6/3/2021,1.0399,1.0775,1.0074
6/2/2021,1.0283,1.0492,0.9802
6/1/2021,1.0041,1.0998,0.9754
5/31/2021,0.9928,1.0323,0.8809
5/30/2021,0.9201,0.9329,0.799
5/29/2021,0.8106,0.9407,0.7945
5/28/2021,0.8738,0.9925,0.8469
5/27/2021,0.9695,1.0432,0.9347
5/26/2021,1.014,1.0698,0.9285
5/25/2021,0.9353,1.0592,0.8821
5/24/2021,0.9265,0.9507,0.7309
5/23/2021,0.7324,0.967,0.6519
5/22/2021,0.9144,1.0173,0.8217
5/21/2021,0.9508,1.2189,0.947
5/20/2021,1.1718,1.267,0.9285
5/19/2021,1.1106,1.6439,0.9393
5/18/2021,1.5952,1.703,1.4556
5/17/2021,1.5297,1.5627,1.3285
5/16/2021,1.3685,1.6112,1.344
5/15/2021,1.492,1.5834,1.3239
5/14/2021,1.3523,1.4491,1.286
5/13/2021,1.3011,1.4389,1.2043
5/12/2021,1.4243,1.5473,1.3513
5/11/2021,1.4644,1.4889,1.3568
5/10/2021,1.3922,1.6266,1.2402
5/9/2021,1.5322,1.5961,1.4406
5/8/2021,1.5691,1.6277,1.5363
5/7/2021,1.602,1.6929,1.5078
5/6/2021,1.5951,1.7614,1.5382
5/5/2021,1.5692,1.6132,1.3693
5/4/2021,1.4189,1.5716,1.3244
5/3/2021,1.5491,1.6212,1.5048
5/2/2021,1.5966,1.6642,1.5275
5/1/2021,1.5941,1.6261,1.5254
4/30/2021,1.5763,1.6393,1.373
4/29/2021,1.3793,1.4195,1.3286
4/28/2021,1.3432,1.4479,1.2856
4/27/2021,1.418,1.4627,1.2263
4/26/2021,1.2573,1.3495,0.9482
4/25/2021,1.035,1.156,1.0254
4/24/2021,1.0861,1.1726,1.0237
4/23/2021,1.1076,1.2484,0.8931
4/22/2021,1.2404,1.4189,1.2253
4/21/2021,1.3436,1.4637,1.284
4/20/2021,1.425,1.4472,1.1811
4/19/2021,1.38,1.5337,1.2548
4/18/2021,1.3561,1.6063,1.1602
4/17/2021,1.6058,1.7419,1.5338
4/16/2021,1.6323,1.8446,1.4214
4/15/2021,1.8006,1.8835,1.6525
4/14/2021,1.7491,1.9648,1.5689
4/13/2021,1.8256,1.8872,1.3685
4/12/2021,1.3835,1.4196,1.3193
4/11/2021,1.3862,1.4949,1.2635
4/10/2021,1.2665,1.3964,1.007
4/9/2021,1.0689,1.0717,0.9824
4/8/2021,1.0194,1.0384,0.8962
4/7/2021,0.9084,1.117,0.8561
4/6/2021,1.0211,1.0973,0.8078
4/5/2021,0.8871,0.9081,0.6083
4/4/2021,0.6098,0.6172,0.5671
4/3/2021,0.5949,0.6417,0.5857
4/2/2021,0.6036,0.6089,0.5619
4/1/2021,0.5644,0.5942,0.5489
3/31/2021,0.5646,0.572,0.5289
3/30/2021,0.5629,0.5863,0.559
3/29/2021,0.5608,0.5705,0.5409
3/28/2021,0.5413,0.5618,0.5396
3/27/2021,0.5552,0.5746,0.5344
3/26/2021,0.5585,0.5762,0.5074
3/25/2021,0.5143,0.5263,0.4533
3/24/2021,0.5227,0.5628,0.5083
3/23/2021,0.5439,0.596,0.5363
3/22/2021,0.541,0.5999,0.5014
3/21/2021,0.512,0.5496,0.4957
3/20/2021,0.5224,0.5321,0.4649
3/19/2021,0.4688,0.475,0.459
3/18/2021,0.4693,0.4902,0.4658
3/17/2021,0.4675,0.4819,0.454
3/16/2021,0.4597,0.5197,0.428
3/15/2021,0.4397,0.4492,0.4233
3/14/2021,0.448,0.4622,0.4408
3/13/2021,0.4581,0.4662,0.4324
3/12/2021,0.4367,0.4647,0.4233
3/11/2021,0.4543,0.4671,0.441
3/10/2021,0.465,0.4888,0.4554
3/9/2021,0.4823,0.4876,0.4705
3/8/2021,0.4727,0.4892,0.4554
3/7/2021,0.4622,0.4688,0.4571
3/6/2021,0.4597,0.4707,0.4495
3/5/2021,0.4604,0.4867,0.4461
3/4/2021,0.4637,0.4944,0.4357
3/3/2021,0.4507,0.4682,0.4285
3/2/2021,0.4296,0.4553,0.4222
3/1/2021,0.4429,0.4545,0.4132
2/28/2021,0.4188,0.4441,0.3937
2/27/2021,0.4441,0.4584,0.4188
2/26/2021,0.4235,0.4573,0.4113
2/25/2021,0.4524,0.4822,0.4517
2/24/2021,0.4624,0.4999,0.4533
2/23/2021,0.4672,0.5757,0.3707
2/22/2021,0.5713,0.6482,0.5159
2/21/2021,0.5339,0.5583,0.4746
2/20/2021,0.5332,0.5826,0.5244
2/19/2021,0.5604,0.5813,0.5143
2/18/2021,0.5417,0.5598,0.5199
2/17/2021,0.551,0.5572,0.4942
2/16/2021,0.5036,0.5799,0.4825
2/15/2021,0.5568,0.6144,0.5118
2/14/2021,0.607,0.642,0.5624
2/13/2021,0.6161,0.643,0.5443
2/12/2021,0.587,0.5989,0.5156
2/11/2021,0.5164,0.5356,0.4967
2/10/2021,0.4999,0.5419,0.4512
2/9/2021,0.4705,0.4908,0.4454
2/8/2021,0.4525,0.4698,0.4131
2/7/2021,0.4213,0.4517,0.3926
2/6/2021,0.4444,0.4571,0.4267
2/5/2021,0.4446,0.4809,0.4258
2/4/2021,0.4726,0.4727,0.3807
2/3/2021,0.3942,0.4189,0.3658
2/2/2021,0.369,0.4114,0.3409
2/1/2021,0.3909,0.7547,0.3672
1/31/2021,0.4791,0.5096,0.3882
1/30/2021,0.4015,0.5159,0.2782
1/29/2021,0.2898,0.3168,0.2602
1/28/2021,0.2627,0.2655,0.2477
1/27/2021,0.2554,0.2699,0.2441
1/26/2021,0.2665,0.2719,0.2584
1/25/2021,0.2719,0.285,0.2688
1/24/2021,0.2719,0.278,0.2687
1/23/2021,0.2723,0.2837,0.2659
1/22/2021,0.2738,0.2784,0.2404
1/21/2021,0.2735,0.3076,0.2681
1/20/2021,0.2946,0.3116,0.2802
1/19/2021,0.3033,0.3288,0.2822
1/18/2021,0.2823,0.2886,0.2716
1/17/2021,0.2806,0.2856,0.2686
1/16/2021,0.2797,0.2966,0.2752
1/15/2021,0.28,0.3029,0.2618
1/14/2021,0.2929,0.3098,0.2833
1/13/2021,0.3077,0.3077,0.2847
1/12/2021,0.2987,0.3098,0.2777
1/11/2021,0.283,0.3195,0.2532
1/10/2021,0.3151,0.3683,0.2861
1/9/2021,0.3359,0.3403,0.3027
1/8/2021,0.3073,0.3459,0.286
1/7/2021,0.3329,0.3696,0.2461
1/6/2021,0.2479,0.2747,0.2219
1/5/2021,0.2238,0.2426,0.2182
1/4/2021,0.2303,0.2617,0.2168
1/3/2021,0.2282,0.2381,0.2153
1/2/2021,0.2244,0.2399,0.2116
1/1/2021,0.2384,0.2505,0.2163
12/31/2020,0.2249,0.2291,0.2053
12/30/2020,0.209,0.2363,0.1919
12/29/2020,0.2177,0.2826,0.1728
12/28/2020,0.2786,0.3094,0.2751
12/27/2020,0.2848,0.3103,0.2664
12/26/2020,0.301,0.3268,0.2832
12/25/2020,0.321,0.3846,0.2688
12/24/2020,0.2722,0.3056,0.214
12/23/2020,0.2606,0.4544,0.2543
12/22/2020,0.4262,0.5309,0.4027
12/21/2020,0.5266,0.5689,0.4986
12/20/2020,0.5584,0.5926,0.5584
12/19/2020,0.5902,0.6037,0.5667
12/18/2020,0.5765,0.6132,0.5513
12/17/2020,0.586,0.6585,0.5252
12/16/2020,0.5252,0.531,0.4379
12/15/2020,0.4745,0.5071,0.4664
12/14/2020,0.4931,0.5187,0.4899
12/13/2020,0.513,0.5279,0.4862
12/12/2020,0.5181,0.5867,0.4861
12/11/2020,0.5764,0.5845,0.5274
12/10/2020,0.5761,0.5966,0.5531
12/9/2020,0.5937,0.6051,0.5037
12/8/2020,0.5723,0.6113,0.5642
12/7/2020,0.603,0.6263,0.5915
12/6/2020,0.6226,0.6284,0.5757
12/5/2020,0.581,0.5967,0.5433
12/4/2020,0.5577,0.6344,0.5435
12/3/2020,0.6301,0.6423,0.6155
12/2/2020,0.6176,0.6374,0.5956
12/1/2020,0.6265,0.6812,0.583
11/30/2020,0.6477,0.679,0.5996
11/29/2020,0.61,0.6383,0.5835
11/28/2020,0.6263,0.6487,0.5399
11/27/2020,0.5523,0.5874,0.5039
11/26/2020,0.5201,0.6521,0.4573
11/25/2020,0.6383,0.722,0.582
11/24/2020,0.6779,0.7825,0.5666
11/23/2020,0.573,0.5847,0.4322
11/22/2020,0.4676,0.4965,0.4045
11/21/2020,0.4288,0.4372,0.32
11/20/2020,0.3254,0.3265,0.2972
11/19/2020,0.2995,0.3068,0.2842
11/18/2020,0.292,0.3083,0.2827
11/17/2020,0.3002,0.3052,0.2835
11/16/2020,0.2839,0.2891,0.2643
11/15/2020,0.2675,0.277,0.2663
11/14/2020,0.2678,0.2775,0.2618
11/13/2020,0.2641,0.266,0.2541
11/12/2020,0.2552,0.2584,0.2527
11/11/2020,0.2568,0.26,0.2527
11/10/2020,0.2569,0.2646,0.2482
11/9/2020,0.2512,0.2563,0.2458
11/8/2020,0.2528,0.2571,0.2466
11/7/2020,0.2483,0.2676,0.245
11/6/2020,0.2553,0.2616,0.2448
11/5/2020,0.2448,0.2475,0.2366
11/4/2020,0.2375,0.241,0.2326
11/3/2020,0.2383,0.2442,0.2282
11/2/2020,0.2353,0.2449,0.2331
11/1/2020,0.2412,0.2415,0.2368
10/31/2020,0.2405,0.2437,0.2377
10/30/2020,0.2387,0.2446,0.2312
10/29/2020,0.2446,0.2477,0.2399
10/28/2020,0.2453,0.2567,0.2446
10/27/2020,0.2507,0.2541,0.2476
10/26/2020,0.2482,0.2591,0.2437
10/25/2020,0.2534,0.2573,0.2516
10/24/2020,0.2564,0.2579,0.2529
10/23/2020,0.2543,0.2639,0.2504
10/22/2020,0.2622,0.2631,0.2505
10/21/2020,0.2522,0.2559,0.2429
10/20/2020,0.2443,0.2504,0.2416
10/19/2020,0.247,0.2497,0.2402
10/18/2020,0.242,0.2437,0.2401
10/17/2020,0.2419,0.2432,0.2388
10/16/2020,0.2397,0.248,0.2378
10/15/2020,0.2468,0.2503,0.2432
10/14/2020,0.2489,0.2585,0.2461
10/13/2020,0.2555,0.26,0.2527
10/12/2020,0.2562,0.2579,0.2493
10/11/2020,0.2549,0.2584,0.2532
10/10/2020,0.2563,0.2603,0.251
10/9/2020,0.251,0.2567,0.2496
10/8/2020,0.2519,0.253,0.2421
10/7/2020,0.2481,0.2514,0.2409
10/6/2020,0.2422,0.2593,0.2404
10/5/2020,0.2504,0.2544,0.2459
10/4/2020,0.2481,0.2502,0.2317
10/3/2020,0.234,0.2351,0.2315
10/2/2020,0.2331,0.2393,0.2288
10/1/2020,0.2372,0.2446,0.2339
9/30/2020,0.2392,0.2437,0.2376
9/29/2020,0.2413,0.2483,0.2385
9/28/2020,0.2452,0.2471,0.2411
9/27/2020,0.2415,0.2448,0.2374
9/26/2020,0.2416,0.2458,0.2379
9/25/2020,0.2424,0.2449,0.2297
9/24/2020,0.2313,0.2328,0.2196
9/23/2020,0.2236,0.2352,0.2206
9/22/2020,0.2326,0.2345,0.2294
9/21/2020,0.2321,0.2481,0.2292
9/20/2020,0.2448,0.2518,0.2425
9/19/2020,0.2514,0.255,0.2474
9/18/2020,0.2489,0.2553,0.2465
9/17/2020,0.2537,0.2585,0.2445
9/16/2020,0.2448,0.246,0.2343
9/15/2020,0.244,0.2493,0.2426
9/14/2020,0.2465,0.2488,0.2392
9/13/2020,0.2419,0.2535,0.2377
9/12/2020,0.2469,0.2488,0.2403
9/11/2020,0.2429,0.2446,0.2371
9/10/2020,0.2424,0.2488,0.2378
9/9/2020,0.2404,0.243,0.2313
9/8/2020,0.2347,0.2436,0.2316
9/7/2020,0.239,0.2432,0.2299
9/6/2020,0.241,0.2436,0.2296
9/5/2020,0.2379,0.2597,0.2314
9/4/2020,0.2568,0.266,0.2387
9/3/2020,0.265,0.2783,0.2555
9/2/2020,0.276,0.3043,0.264
9/1/2020,0.2942,0.2956,0.276
8/31/2020,0.2803,0.2847,0.2781
8/30/2020,0.2828,0.2839,0.2739
8/29/2020,0.2763,0.2772,0.269
8/28/2020,0.2712,0.2733,0.2602
8/27/2020,0.2618,0.2792,0.2547
8/26/2020,0.2784,0.2809,0.2737
8/25/2020,0.2737,0.29,0.2703
8/24/2020,0.2874,0.292,0.2824
8/23/2020,0.2857,0.2882,0.2776
8/22/2020,0.2814,0.2836,0.2734
8/21/2020,0.2819,0.2958,0.2802
8/20/2020,0.2914,0.295,0.2847
8/19/2020,0.2858,0.309,0.2791
8/18/2020,0.3084,0.3273,0.2983
8/17/2020,0.3258,0.3273,0.2973
8/16/2020,0.2989,0.3048,0.2923
8/15/2020,0.3004,0.3056,0.292
8/14/2020,0.3045,0.3075,0.2844
8/13/2020,0.2844,0.2859,0.2727
8/12/2020,0.2827,0.2875,0.2713
8/11/2020,0.2751,0.3075,0.2682
8/10/2020,0.2949,0.3007,0.2848
8/9/2020,0.2892,0.2984,0.2823
8/8/2020,0.2923,0.2989,0.2903
8/7/2020,0.2927,0.3103,0.2793
8/6/2020,0.3073,0.3114,0.2974
8/5/2020,0.3026,0.3083,0.291
8/4/2020,0.2988,0.3193,0.2907
8/3/2020,0.3131,0.32,0.283
8/2/2020,0.2834,0.3258,0.2504
8/1/2020,0.2936,0.2955,0.2542
7/31/2020,0.2544,0.257,0.2421
7/30/2020,0.249,0.25,0.2348
7/29/2020,0.2436,0.2441,0.229
7/28/2020,0.2337,0.2341,0.2175
7/27/2020,0.227,0.2271,0.2095
7/26/2020,0.2157,0.2251,0.2131
7/25/2020,0.2162,0.2177,0.2039
7/24/2020,0.2053,0.2087,0.2021
7/23/2020,0.207,0.2105,0.2002
7/22/2020,0.2007,0.2027,0.1962
7/21/2020,0.1982,0.2011,0.194
7/20/2020,0.1956,0.2003,0.1921
7/19/2020,0.1993,0.2021,0.1959
7/18/2020,0.2011,0.202,0.1935
7/17/2020,0.1938,0.198,0.1911
7/16/2020,0.1921,0.1984,0.1885
7/15/2020,0.198,0.1998,0.1964
7/14/2020,0.1994,0.1997,0.195
7/13/2020,0.1987,0.2066,0.1925
7/12/2020,0.1994,0.204,0.1978
7/11/2020,0.1996,0.2048,0.1973
7/10/2020,0.1982,0.2028,0.1925
7/9/2020,0.2007,0.2118,0.1971
7/8/2020,0.2029,0.2035,0.1835
7/7/2020,0.184,0.1896,0.1832
7/6/2020,0.1864,0.1884,0.174
7/5/2020,0.1763,0.1788,0.1748
7/4/2020,0.1783,0.1797,0.1755
7/3/2020,0.1773,0.1785,0.1745
7/2/2020,0.1745,0.1776,0.1722
7/1/2020,0.1766,0.1783,0.1737
6/30/2020,0.1759,0.1793,0.1749
6/29/2020,0.1783,0.1784,0.1749
6/28/2020,0.1776,0.1798,0.1731
6/27/2020,0.1738,0.1838,0.1692
6/26/2020,0.1833,0.1868,0.1782
6/25/2020,0.182,0.1839,0.1784
6/24/2020,0.1831,0.1901,0.1814
6/23/2020,0.1893,0.1905,0.1884
6/22/2020,0.1893,0.1899,0.1855
6/21/2020,0.1863,0.1889,0.186
6/20/2020,0.1877,0.1889,0.1847
6/19/2020,0.1879,0.1905,0.1864
6/18/2020,0.1891,0.1935,0.1881
6/17/2020,0.1919,0.1987,0.1884
6/16/2020,0.1914,0.1942,0.1901
6/15/2020,0.193,0.193,0.1819
6/14/2020,0.1914,0.1927,0.1894
6/13/2020,0.1922,0.1938,0.1909
6/12/2020,0.193,0.1949,0.1868
6/11/2020,0.1905,0.2037,0.1841
6/10/2020,0.203,0.2041,0.1998
6/9/2020,0.2012,0.2054,0.1998
6/8/2020,0.2022,0.2038,0.2013
6/7/2020,0.2024,0.2049,0.1985
6/6/2020,0.2041,0.2047,0.2012
6/5/2020,0.2032,0.2058,0.2013
6/4/2020,0.2039,0.2071,0.2001
6/3/2020,0.2035,0.2047,0.2008
6/2/2020,0.2018,0.2146,0.1975
6/1/2020,0.2066,0.2081,0.2002
5/31/2020,0.2081,0.2136,0.2024
5/30/2020,0.2026,0.2063,0.196
5/29/2020,0.1972,0.203,0.1963
5/28/2020,0.1982,0.1992,0.195
5/27/2020,0.1975,0.2005,0.1934
5/26/2020,0.195,0.1972,0.1915
5/25/2020,0.1954,0.1983,0.1895
5/24/2020,0.1971,0.2013,0.1946
5/23/2020,0.2005,0.2022,0.198
5/22/2020,0.2015,0.2025,0.192
5/21/2020,0.1941,0.2029,0.1891
5/20/2020,0.2021,0.2061,0.1972
5/19/2020,0.2043,0.2066,0.2008
5/18/2020,0.2042,0.208,0.2006
5/17/2020,0.2023,0.2048,0.1989
5/16/2020,0.1994,0.2022,0.1962
5/15/2020,0.1963,0.2049,0.1951
5/14/2020,0.2036,0.2064,0.1984
5/13/2020,0.202,0.2034,0.1933
5/12/2020,0.1975,0.2001,0.1892
5/11/2020,0.1919,0.2005,0.1848
5/10/2020,0.1956,0.2192,0.179
5/9/2020,0.2192,0.2251,0.217
5/8/2020,0.2204,0.2223,0.2144
5/7/2020,0.2179,0.2214,0.2098
5/6/2020,0.2173,0.2228,0.2149
5/5/2020,0.2168,0.2224,0.2132
5/4/2020,0.2192,0.2211,0.2074
5/3/2020,0.2185,0.2268,0.2156
5/2/2020,0.224,0.2259,0.2155
5/1/2020,0.216,0.2244,0.2105
4/30/2020,0.2147,0.2358,0.2085
4/29/2020,0.2285,0.2312,0.212
4/28/2020,0.2125,0.2139,0.1948
4/27/2020,0.1951,0.1998,0.1944
4/26/2020,0.1961,0.1978,0.1921
4/25/2020,0.1948,0.198,0.1918
4/24/2020,0.1933,0.1972,0.1918
4/23/2020,0.1953,0.1999,0.1857
4/22/2020,0.1881,0.1899,0.1822
4/21/2020,0.1846,0.1867,0.1811
4/20/2020,0.1825,0.1949,0.1785
4/19/2020,0.191,0.1975,0.1881
4/18/2020,0.1938,0.1953,0.1887
4/17/2020,0.1898,0.1935,0.1864
4/16/2020,0.1905,0.1932,0.1741
4/15/2020,0.1856,0.19,0.182
4/14/2020,0.1859,0.1898,0.1838
4/13/2020,0.1885,0.1949,0.1802
4/12/2020,0.1944,0.1962,0.1853
4/11/2020,0.1863,0.1925,0.1854
4/10/2020,0.1886,0.1994,0.1817
4/9/2020,0.199,0.2026,0.1941
4/8/2020,0.2008,0.203,0.1901
4/7/2020,0.1914,0.2054,0.1899
4/6/2020,0.1937,0.1966,0.1778
4/5/2020,0.1786,0.1826,0.1764
4/4/2020,0.1804,0.184,0.1778
4/3/2020,0.1784,0.183,0.176
4/2/2020,0.1772,0.187,0.1729
4/1/2020,0.1737,0.1783,0.1683
3/31/2020,0.1778,0.1783,0.1706
3/30/2020,0.1738,0.1761,0.162
3/29/2020,0.1649,0.1793,0.1623
3/28/2020,0.1774,0.1876,0.1665
3/27/2020,0.1833,0.1845,0.1654
3/26/2020,0.1654,0.1654,0.1588
3/25/2020,0.16,0.1659,0.157
3/24/2020,0.1626,0.1645,0.1567
3/23/2020,0.1585,0.1622,0.1448
3/22/2020,0.1511,0.1622,0.1482
3/21/2020,0.1602,0.1615,0.1499
3/20/2020,0.1521,0.1758,0.1452
3/19/2020,0.1647,0.1684,0.1448
3/18/2020,0.1463,0.1509,0.1405
3/17/2020,0.149,0.1528,0.138
3/16/2020,0.1388,0.1647,0.128
3/15/2020,0.1482,0.1588,0.1434
3/14/2020,0.1513,0.1636,0.1486
3/13/2020,0.1538,0.1681,0.1141
3/12/2020,0.1557,0.21,0.145
3/11/2020,0.2074,0.2138,0.1993
3/10/2020,0.2132,0.2159,0.2036
3/9/2020,0.2049,0.2123,0.1983
3/8/2020,0.2078,0.2384,0.2005
3/7/2020,0.2374,0.2458,0.2356
3/6/2020,0.2434,0.2467,0.2383
3/5/2020,0.2404,0.2435,0.2331
3/4/2020,0.2333,0.2382,0.2304
3/3/2020,0.2343,0.2417,0.2298
3/2/2020,0.2415,0.2416,0.2251
3/1/2020,0.2253,0.2361,0.2242
2/29/2020,0.234,0.2427,0.2324
2/28/2020,0.2363,0.2441,0.2283
2/27/2020,0.2375,0.2474,0.2239
2/26/2020,0.2311,0.2585,0.2231
2/25/2020,0.2558,0.2714,0.2511
2/24/2020,0.2663,0.285,0.264
2/23/2020,0.2812,0.2855,0.2744
2/22/2020,0.277,0.2787,0.2704
2/21/2020,0.2728,0.2794,0.2686
2/20/2020,0.2722,0.284,0.2616
2/19/2020,0.2796,0.309,0.271
2/18/2020,0.2984,0.3032,0.2759
2/17/2020,0.2833,0.296,0.2693
2/16/2020,0.2833,0.3187,0.2693
2/15/2020,0.3136,0.3469,0.2947
2/14/2020,0.3355,0.3395,0.3107
2/13/2020,0.3228,0.3396,0.3
2/12/2020,0.303,0.3064,0.2803
2/11/2020,0.281,0.2844,0.2672
2/10/2020,0.2739,0.2844,0.2674
2/9/2020,0.2797,0.2893,0.2766
2/8/2020,0.2789,0.2821,0.2636
2/7/2020,0.2775,0.2877,0.2774
2/6/2020,0.2829,0.2879,0.2689
2/5/2020,0.2781,0.2819,0.2634
2/4/2020,0.2651,0.2704,0.2474
2/3/2020,0.2514,0.2594,0.2468
2/2/2020,0.2569,0.2611,0.2353
2/1/2020,0.2414,0.2427,0.2371
1/31/2020,0.2389,0.2463,0.2337
1/30/2020,0.2439,0.245,0.2306
1/29/2020,0.237,0.2419,0.2341
1/28/2020,0.2358,0.2415,0.2297
1/24/2020,0.2263,0.2266,0.2252
1/23/2020,0.2253,0.2375,0.2209
1/22/2020,0.2355,0.2396,0.2322
1/21/2020,0.2377,0.2415,0.2299
1/20/2020,0.2347,0.2364,0.2241
1/19/2020,0.2337,0.2515,0.2269
1/18/2020,0.2455,0.254,0.2317
1/17/2020,0.2397,0.2441,0.2264
1/16/2020,0.2284,0.2369,0.2223
1/15/2020,0.2366,0.2434,0.2262
1/14/2020,0.2343,0.245,0.2112
1/13/2020,0.212,0.2176,0.2097
1/12/2020,0.2123,0.2169,0.2095
1/11/2020,0.2132,0.2197,0.2083
1/10/2020,0.2093,0.2115,0.2004
1/9/2020,0.202,0.2091,0.2013
1/8/2020,0.206,0.2189,0.2032
1/7/2020,0.2137,0.2255,0.2075
1/6/2020,0.2184,0.2237,0.1937
1/5/2020,0.1948,0.1973,0.1947
1/3/2020,0.1918,0.1949,0.1843
1/2/2020,0.1873,0.1947,0.1856
1/1/2020,0.1935,0.1967,0.1904
12/31/2019,0.1906,0.1954,0.1894
